OldNum	Post1962	NouvNum	CentroidX	CentroidY	WKT
		0-0 	584700	146024 	MULTILINESTRING ((584400 145824,585000 145824,585000 146224,584400 146224,584400 145824))
		61-0 	621300	146024 	MULTILINESTRING ((621000 145824,621600 145824,621600 146224,621000 146224,621000 145824))
	3H-M	28-12-13	601500	141024 	MULTILINESTRING ((601200 140824,601800 140824,601800 141224,601200 141224,601200 140824))
	3L	27-13 	600900	140824 	MULTILINESTRING ((600600 140624,601200 140624,601200 141024,600600 141024,600600 140624))
	3Q	27-14 	600900	140424 	MULTILINESTRING ((600600 140224,601200 140224,601200 140624,600600 140624,600600 140224))
	3V	27-15 	600900	140024 	MULTILINESTRING ((600600 139824,601200 139824,601200 140224,600600 140224,600600 139824))
		53-22 	616500	137224 	MULTILINESTRING ((616200 137024,616800 137024,616800 137424,616200 137424,616200 137024))
		54-22 	617100	137224 	MULTILINESTRING ((616800 137024,617400 137024,617400 137424,616800 137424,616800 137024))
		52-23 	615900	136824 	MULTILINESTRING ((615600 136624,616200 136624,616200 137024,615600 137024,615600 136624))
		53-23 	616500	136824 	MULTILINESTRING ((616200 136624,616800 136624,616800 137024,616200 137024,616200 136624))
		54-23 	617100	136824 	MULTILINESTRING ((616800 136624,617400 136624,617400 137024,616800 137024,616800 136624))
		55-23 	617700	136824 	MULTILINESTRING ((617400 136624,618000 136624,618000 137024,617400 137024,617400 136624))
		56-23 	618300	136824 	MULTILINESTRING ((618000 136624,618600 136624,618600 137024,618000 137024,618000 136624))
		57-23 	618900	136824 	MULTILINESTRING ((618600 136624,619200 136624,619200 137024,618600 137024,618600 136624))
		52-24 	615900	136424 	MULTILINESTRING ((615600 136224,616200 136224,616200 136624,615600 136624,615600 136224))
		53-24 	616500	136424 	MULTILINESTRING ((616200 136224,616800 136224,616800 136624,616200 136624,616200 136224))
		56-24 	618300	136424 	MULTILINESTRING ((618000 136224,618600 136224,618600 136624,618000 136624,618000 136224))
		57-24 	618900	136424 	MULTILINESTRING ((618600 136224,619200 136224,619200 136624,618600 136624,618600 136224))
		51-25 	615300	136024 	MULTILINESTRING ((615000 135824,615600 135824,615600 136224,615000 136224,615000 135824))
		52-25 	615900	136024 	MULTILINESTRING ((615600 135824,616200 135824,616200 136224,615600 136224,615600 135824))
		53-25 	616500	136024 	MULTILINESTRING ((616200 135824,616800 135824,616800 136224,616200 136224,616200 135824))
		57-25 	618900	136024 	MULTILINESTRING ((618600 135824,619200 135824,619200 136224,618600 136224,618600 135824))
		51-26 	615300	135624 	MULTILINESTRING ((615000 135424,615600 135424,615600 135824,615000 135824,615000 135424))
		52-26 	615900	135624 	MULTILINESTRING ((615600 135424,616200 135424,616200 135824,615600 135824,615600 135424))
		53-26 	616500	135624 	MULTILINESTRING ((616200 135424,616800 135424,616800 135824,616200 135824,616200 135424))
	25J	50-27 	614700	135224 	MULTILINESTRING ((614400 135024,615000 135024,615000 135424,614400 135424,614400 135024))
	25O	51-27 	615300	135224 	MULTILINESTRING ((615000 135024,615600 135024,615600 135424,615000 135424,615000 135024))
		52-27 	615900	135224 	MULTILINESTRING ((615600 135024,616200 135024,616200 135424,615600 135424,615600 135024))
		50-28 	614700	134824 	MULTILINESTRING ((614400 134624,615000 134624,615000 135024,614400 135024,614400 134624))
		51-28 	615300	134824 	MULTILINESTRING ((615000 134624,615600 134624,615600 135024,615000 135024,615000 134624))
	18Q	12-29 	591900	134424 	MULTILINESTRING ((591600 134224,592200 134224,592200 134624,591600 134624,591600 134224))
	18V	12-30 	591900	134024 	MULTILINESTRING ((591600 133824,592200 133824,592200 134224,591600 134224,591600 133824))
	27A	11-31 	591300	133624 	MULTILINESTRING ((591000 133424,591600 133424,591600 133824,591000 133824,591000 133424))
	27B	12-31 	591900	133624 	MULTILINESTRING ((591600 133424,592200 133424,592200 133824,591600 133824,591600 133424))
	34D	49-31 	614100	133624 	MULTILINESTRING ((613800 133424,614400 133424,614400 133824,613800 133824,613800 133424))
	34E	50-31 	614700	133624 	MULTILINESTRING ((614400 133424,615000 133424,615000 133824,614400 133824,614400 133424))
	27F	11-32 	591300	133224 	MULTILINESTRING ((591000 133024,591600 133024,591600 133424,591000 133424,591000 133024))
	27G	12-32 	591900	133224 	MULTILINESTRING ((591600 133024,592200 133024,592200 133424,591600 133424,591600 133024))
	34J	50-32 	614700	133224 	MULTILINESTRING ((614400 133024,615000 133024,615000 133424,614400 133424,614400 133024))
	27K	11-33 	591300	132824 	MULTILINESTRING ((591000 132624,591600 132624,591600 133024,591000 133024,591000 132624))
	27L	12-33 	591900	132824 	MULTILINESTRING ((591600 132624,592200 132624,592200 133024,591600 133024,591600 132624))
		56-33 	618300	132824 	MULTILINESTRING ((618000 132624,618600 132624,618600 133024,618000 133024,618000 132624))
	26T	10-34 	590700	132424 	MULTILINESTRING ((590400 132224,591000 132224,591000 132624,590400 132624,590400 132224))
	27P	11-34 	591300	132424 	MULTILINESTRING ((591000 132224,591600 132224,591600 132624,591000 132624,591000 132224))
	27L	12-34 	591900	132424 	MULTILINESTRING ((591600 132224,592200 132224,592200 132624,591600 132624,591600 132224))
14	29T	25-34 	599700	132424 	MULTILINESTRING ((599400 132224,600000 132224,600000 132624,599400 132624,599400 132224))
15	30P	26-34 	600300	132424 	MULTILINESTRING ((600000 132224,600600 132224,600600 132624,600000 132624,600000 132224))
	32P	36-34-union	606300	132424 	MULTILINESTRING ((606000 132224,606800 132224,606800 132324,606600 132324,606600 132624,606000 132624,606000 132224))
	34R	48-34 	613500	132424 	MULTILINESTRING ((613200 132224,613800 132224,613800 132624,613200 132624,613200 132224))
	34S	49-34 	614100	132424 	MULTILINESTRING ((613800 132224,614400 132224,614400 132624,613800 132624,613800 132224))
	34T	50-34 	614700	132424 	MULTILINESTRING ((614400 132224,615000 132224,615000 132624,614400 132624,614400 132224))
	26Y	10-35 	590700	132024 	MULTILINESTRING ((590400 131824,591000 131824,591000 132224,590400 132224,590400 131824))
	27U	11-35 	591300	132024 	MULTILINESTRING ((591000 131824,591600 131824,591600 132224,591000 132224,591000 131824))
	27X	14-35 	593100	132024 	MULTILINESTRING ((592800 131824,593400 131824,593400 132224,592800 132224,592800 131824))
26	29Y	25-35 	599700	132024 	MULTILINESTRING ((599400 131824,600000 131824,600000 132224,599400 132224,599400 131824))
27	30U	26-35 	600300	132024 	MULTILINESTRING ((600000 131824,600600 131824,600600 132224,600000 132224,600000 131824))
28	30V	27-35 	600900	132024 	MULTILINESTRING ((600600 131824,601200 131824,601200 132224,600600 132224,600600 131824))
	31Y	35-35 	605700	132024 	MULTILINESTRING ((605400 131824,606000 131824,606000 132224,605400 132224,605400 131824))
	32U	36-35 	606300	132024 	MULTILINESTRING ((606000 131824,606600 131824,606600 132224,606000 132224,606000 131824))
	32V	37-35 	606900	132024 	MULTILINESTRING ((606600 131824,607200 131824,607200 132224,606600 132224,606600 131824))
	32W	38-35 	607500	132024 	MULTILINESTRING ((607200 131824,607800 131824,607800 132224,607200 132224,607200 131824))
	32X	39-35 	608100	132024 	MULTILINESTRING ((607800 131824,608400 131824,608400 132224,607800 132224,607800 131824))
	32Y	40-35 	608700	132024 	MULTILINESTRING ((608400 131824,609000 131824,609000 132224,608400 132224,608400 131824))
	34W	48-35 	613500	132024 	MULTILINESTRING ((613200 131824,613800 131824,613800 132224,613200 132224,613200 131824))
	34X	49-35 	614100	132024 	MULTILINESTRING ((613800 131824,614400 131824,614400 132224,613800 132224,613800 131824))
		51-35 	615300	132024 	MULTILINESTRING ((615000 131824,615600 131824,615600 132224,615000 132224,615000 131824))
	35D	9-36 	590100	131624 	MULTILINESTRING ((589800 131424,590400 131424,590400 131824,589800 131824,589800 131424))
39	38E	25-36 	599700	131624 	MULTILINESTRING ((599400 131424,600000 131424,600000 131824,599400 131824,599400 131424))
40	39A	26-36 	600300	131624 	MULTILINESTRING ((600000 131424,600600 131424,600600 131824,600000 131824,600000 131424))
41	39B	27-36 	600900	131624 	MULTILINESTRING ((600600 131424,601200 131424,601200 131824,600600 131824,600600 131424))
42	39C	28-36 	601500	131624 	MULTILINESTRING ((601200 131424,601800 131424,601800 131824,601200 131824,601200 131424))
45	40A	31-36 	603300	131624 	MULTILINESTRING ((603000 131424,603600 131424,603600 131824,603000 131824,603000 131424))
46	40B	32-36 	603900	131624 	MULTILINESTRING ((603600 131424,604200 131424,604200 131824,603600 131824,603600 131424))
47	40C	33-36 	604500	131624 	MULTILINESTRING ((604200 131424,604800 131424,604800 131824,604200 131824,604200 131424))
	40E	35-36 	605700	131624 	MULTILINESTRING ((605400 131424,606000 131424,606000 131824,605400 131824,605400 131424))
	41A	36-36 	606300	131624 	MULTILINESTRING ((606000 131424,606600 131424,606600 131824,606000 131824,606000 131424))
	41B	37-36 	606900	131624 	MULTILINESTRING ((606600 131424,607200 131424,607200 131824,606600 131824,606600 131424))
	41C	38-36 	607500	131624 	MULTILINESTRING ((607200 131424,607800 131424,607800 131824,607200 131824,607200 131424))
	41D	39-36 	608100	131624 	MULTILINESTRING ((607800 131424,608400 131424,608400 131824,607800 131824,607800 131424))
	41E	40-36 	608700	131624 	MULTILINESTRING ((608400 131424,609000 131424,609000 131824,608400 131824,608400 131424))
	42A	41-36 	609300	131624 	MULTILINESTRING ((609000 131424,609600 131424,609600 131824,609000 131824,609000 131424))
	43E	50-36 	614700	131624 	MULTILINESTRING ((614400 131424,615000 131424,615000 131824,614400 131824,614400 131424))
		51-36 	615300	131624 	MULTILINESTRING ((615000 131424,615600 131424,615600 131824,615000 131824,615000 131424))
		52-36 	615900	131624 	MULTILINESTRING ((615600 131424,616200 131424,616200 131824,615600 131824,615600 131424))
		53-36 	616500	131624 	MULTILINESTRING ((616200 131424,616800 131424,616800 131824,616200 131824,616200 131424))
53	39F	26-37 	600300	131224 	MULTILINESTRING ((600000 131024,600600 131024,600600 131424,600000 131424,600000 131024))
54	39G	27-37 	600900	131224 	MULTILINESTRING ((600600 131024,601200 131024,601200 131424,600600 131424,600600 131024))
55	39H	28-37 	601500	131224 	MULTILINESTRING ((601200 130924,601800 130924,601800 131424,601200 131424,601200 130924))
56	39I	29-37-union	602100	131224 	MULTILINESTRING ((601800 131024,602400 131024,602400 131424,602600 131424,602600 131524,601800 131524,601800 131024))
57	39J	30-37 	602700	131224 	MULTILINESTRING ((602400 131024,603000 131024,603000 131424,602400 131424,602400 131024))
58	40F	31-37 	603300	131224 	MULTILINESTRING ((603000 131024,603600 131024,603600 131424,603000 131424,603000 131024))
59	40G	32-37-union	603900	131224 	MULTILINESTRING ((603600 130954,603700 130954,603700 130984,604200 130984,604200 131424,603600 131424,603600 131024))
60	40H	33-37-union	604500	131224 	MULTILINESTRING ((604200 130984,604400 130984,604400 131024,604800 131024,604800 131424,604200 131424,604200 131024))
	40J	35-37 	605700	131224 	MULTILINESTRING ((605400 131024,606000 131024,606000 131424,605400 131424,605400 131024))
	43F	46-37 	612300	131224 	MULTILINESTRING ((612000 131024,612600 131024,612600 131424,612000 131424,612000 131024))
	43G	47-37 	612900	131224 	MULTILINESTRING ((612600 131024,613200 131024,613200 131424,612600 131424,612600 131024))
	43J	50-37 	614700	131224 	MULTILINESTRING ((614400 131024,615000 131024,615000 131424,614400 131424,614400 131024))
		51-37 	615300	131224 	MULTILINESTRING ((615000 131024,615600 131024,615600 131424,615000 131424,615000 131024))
		52-37 	615900	131224 	MULTILINESTRING ((615600 131024,616200 131024,616200 131424,615600 131424,615600 131024))
		53-37 	616500	131224 	MULTILINESTRING ((616200 131024,616800 131024,616800 131424,616200 131424,616200 131024))
	35O	10-38 	590700	130824 	MULTILINESTRING ((590400 130624,591000 130624,591000 131024,590400 131024,590400 130624))
	36H	11-38 	591300	130824 	MULTILINESTRING ((591000 130624,591600 130624,591600 131024,591000 131024,591000 130624))
71	39N	29-38-union	602100	130824 	MULTILINESTRING ((601800 130624,602200 130624,602200 130524,602400 130524,602400 131024,601800 131024,601800 130624))
72	39O	30-38 	602700	130824 	MULTILINESTRING ((602400 130624,603000 130624,603000 131024,602400 131024,602400 130624))
73	40K	31-38 	603300	130824 	MULTILINESTRING ((603000 130624,603600 130624,603600 131024,603000 131024,603000 130624))
76	40M-N	34-38-35	605400	130824 	MULTILINESTRING ((605100 130624,605700 130624,605700 131024,605100 131024,605100 130624))
	42O	45-38-union	611700	130824 	MULTILINESTRING ((611400 130624,612000 130624,612000 131124,611800 131124,611800 131024,611400 131024,611400 130624))
	43K	46-38 	612300	130824 	MULTILINESTRING ((612000 130624,612600 130624,612600 131024,612000 131024,612000 130624))
	43M-R	48-38-39 	613500	130624 	MULTILINESTRING ((613200 130424,613800 130424,613800 130824,613200 130824,613200 130424))
		52-38 	615900	130824 	MULTILINESTRING ((615600 130624,616200 130624,616200 131024,615600 131024,615600 130624))
		53-38 	616500	130824 	MULTILINESTRING ((616200 130624,616800 130624,616800 131024,616200 131024,616200 130624))
	35O	7-39-union	588900	130424 	MULTILINESTRING ((588600 130224,589200 130224,589200 130774,589050 130774,589050 130624,588600 130624,588600 130224))
	36P	11-39 	591300	130424 	MULTILINESTRING ((591000 130224,591600 130224,591600 130624,591000 130624,591000 130224))
77	37S	19-39 	596100	130424 	MULTILINESTRING ((595800 130224,596400 130224,596400 130624,595800 130624,595800 130224))
88	39T	30-39 	602700	130424 	MULTILINESTRING ((602400 130224,603000 130224,603000 130624,602400 130624,602400 130224))
89	40P	31-39 	603300	130424 	MULTILINESTRING ((603000 130224,603600 130224,603600 130624,603000 130624,603000 130224))
	42Q-R	42-39-43	610400	130424 	MULTILINESTRING ((610100 130224,610700 130224,610700 130624,610100 130624,610100 130224))
	42S	44-39 	611100	130424 	MULTILINESTRING ((610800 130224,611400 130224,611400 130624,610800 130624,610800 130224))
	42T	45-39 	611700	130424 	MULTILINESTRING ((611400 130224,612000 130224,612000 130624,611400 130624,611400 130224))
	43P	46-39 	612300	130424 	MULTILINESTRING ((612000 130224,612600 130224,612600 130624,612000 130624,612000 130224))
	35U	6-40 	588300	130024 	MULTILINESTRING ((588000 129824,588600 129824,588600 130224,588000 130224,588000 129824))
	35V	7-40 	588900	130024 	MULTILINESTRING ((588600 129824,589200 129824,589200 130224,588600 130224,588600 129824))
	35Y	10-40 	590700	130024 	MULTILINESTRING ((590400 129824,591000 129824,591000 130224,590400 130224,590400 129824))
	36U	11-40 	591300	130024 	MULTILINESTRING ((591000 129824,591600 129824,591600 130224,591000 130224,591000 129824))
93	37W-X	18-40-19 	595800	130024 	MULTILINESTRING ((595500 129824,596100 129824,596100 130224,595500 130224,595500 129824))
106	40U	31-40 	603300	130024 	MULTILINESTRING ((603000 129824,603600 129824,603600 130224,603000 130224,603000 129824))
107	40V	32-40 	603900	130024 	MULTILINESTRING ((603600 129824,604200 129824,604200 130224,603600 130224,603600 129824))
	41U-50A	36-40-41	606300	129924 	MULTILINESTRING ((606000 129724,606600 129724,606600 130124,606000 130124,606000 129724))
	42W	43-40 	610500	130024 	MULTILINESTRING ((610200 129824,610800 129824,610800 130224,610200 130224,610200 129824))
	43U	46-40 	612300	130024 	MULTILINESTRING ((612000 129824,612600 129824,612600 130224,612000 130224,612000 129824))
	43V	47-40 	612900	130024 	MULTILINESTRING ((612600 129824,613200 129824,613200 130224,612600 130224,612600 129824))
	43W	48-40 	613500	130024 	MULTILINESTRING ((613200 129824,613800 129824,613800 130224,613200 130224,613200 129824))
		3-41-4	586800	129624 	MULTILINESTRING ((586500 129424,587100 129424,587100 129824,586500 129824,586500 129424))
		5-41 	587700	129624 	MULTILINESTRING ((587400 129424,588000 129424,588000 129824,587400 129824,587400 129424))
	44E	10-41 	590700	129624 	MULTILINESTRING ((590400 129424,591000 129424,591000 129824,590400 129824,590400 129424))
	45A	11-41 	591300	129624 	MULTILINESTRING ((591000 129424,591600 129424,591600 129824,591000 129824,591000 129424))
110	46C	18-41 	595500	129624 	MULTILINESTRING ((595200 129424,595800 129424,595800 129824,595200 129824,595200 129424))
111	46D	19-41 	596100	129624 	MULTILINESTRING ((595800 129424,596400 129424,596400 129824,595800 129824,595800 129424))
112	46E	20-41 	596700	129624 	MULTILINESTRING ((596400 129424,597000 129424,597000 129824,596400 129824,596400 129424))
113	47A	21-41-union	597300	129624 	MULTILINESTRING ((597000 129424,597600 129424,597600 129824,597500 129824,597500 130024,597300 130024,597300 129824,597000 129824,597000 129424))
124-125	49B-C	32-41-33	604000	129624 	MULTILINESTRING ((603700 129424,604300 129424,604300 129824,603700 129824,603700 129424))
126-144	49D-I	34-41-42	605100	129524 	MULTILINESTRING ((604800 129324,605400 129324,605400 129724,604800 129724,604800 129324))
	50A-F	36-41-42	606300	129524 	MULTILINESTRING ((606000 129324,606600 129324,606600 129724,606000 129724,606000 129324))
	52A	46-41 	612300	129624 	MULTILINESTRING ((612000 129424,612600 129424,612600 129824,612000 129824,612000 129424))
	52B	47-41 	612900	129624 	MULTILINESTRING ((612600 129424,613200 129424,613200 129824,612600 129824,612600 129424))
		4-42 	587100	129224 	MULTILINESTRING ((586800 129024,587400 129024,587400 129424,586800 129424,586800 129024))
	45F	11-42 	591300	129224 	MULTILINESTRING ((591000 129024,591600 129024,591600 129424,591000 129424,591000 129024))
128	46H	18-42 	595500	129224 	MULTILINESTRING ((595200 129024,595800 129024,595800 129424,595200 129424,595200 129024))
129	46I	19-42 	596100	129224 	MULTILINESTRING ((595800 129024,596400 129024,596400 129424,595800 129424,595800 129024))
130	46J	20-42 	596700	129224 	MULTILINESTRING ((596400 129024,597000 129024,597000 129424,596400 129424,596400 129024))
142	49G	32-42 	603900	129224 	MULTILINESTRING ((603600 129024,604200 129024,604200 129424,603600 129424,603600 129024))
143	49H	33-42 	604500	129224 	MULTILINESTRING ((604200 129024,604800 129024,604800 129424,604200 129424,604200 129024))
	50F-N	36-42-43	606300	129124 	MULTILINESTRING ((606000 128924,606600 128924,606600 129324,606000 129324,606000 128924))
	50G	37-42 	606900	129224 	MULTILINESTRING ((606600 129024,607200 129024,607200 129424,606600 129424,606600 129024))
146	46M	18-43 	595500	128824 	MULTILINESTRING ((595200 128624,595800 128624,595800 129024,595200 129024,595200 128624))
147	46N	19-43-union	596100	128824 	MULTILINESTRING ((595800 128624,596400 128624,596400 128824,596500 128824,596500 129024,595800 129024,595800 128624))
160	49L	32-43 	603900	128824 	MULTILINESTRING ((603600 128624,604200 128624,604200 129024,603600 129024,603600 128624))
161	49M	33-43 	604500	128824 	MULTILINESTRING ((604200 128624,604800 128624,604800 129024,604200 129024,604200 128624))
162	49N	34-43 	605100	128824 	MULTILINESTRING ((604800 128624,605400 128624,605400 129024,604800 129024,604800 128624))
	50L	37-43 	606900	128824 	MULTILINESTRING ((606600 128624,607200 128624,607200 129024,606600 129024,606600 128624))
	50N-S	39-43-44	608100	128624 	MULTILINESTRING ((607800 128424,608400 128424,608400 128824,607800 128824,607800 128424))
	50O	40-43 	608700	128824 	MULTILINESTRING ((608400 128624,609000 128624,609000 129024,608400 129024,608400 128624))
	44S	8-44-union	589500	128424 	MULTILINESTRING ((589200 128224,589300 128224, 589300 128084, 589450 128084, 589450 128224, 589800 128224,589800 128624,589200 128624,589200 128224))
164	46R	18-44 	595500	128424 	MULTILINESTRING ((595200 128224,595800 128224,595800 128624,595200 128624,595200 128224))
165	46S	19-44 	596100	128424 	MULTILINESTRING ((595800 128224,596400 128224,596400 128624,595800 128624,595800 128224))
179	49S	33-44-union	604500	128424 	MULTILINESTRING ((604100 128624, 604100 128524, 604200 128524,604200 128224, 604800 128224,604800 128524, 604900 128524,604900 128624,604100 128624))
	50S-X	39-44-45	608100	128224 	MULTILINESTRING ((607800 128024,608400 128024,608400 128424,607800 128424,607800 128024))
	50T	40-44 	608700	128424 	MULTILINESTRING ((608400 128224,609000 128224,609000 128624,608400 128624,608400 128224))
	51U	41-45-42_Encart	609420	128624 	MULTILINESTRING ((609347 128570,609500 128570,609500 128673,609347 128673,609347 128570))
	51U-V	41-45-42	609600	128024 	MULTILINESTRING ((609300 127824,609900 127824,609900 128224,609300 128224,609300 127824))
207	55D	24-46 	599100	127624 	MULTILINESTRING ((598800 127424,599400 127424,599400 127824,598800 127824,598800 127424))
208	55E	25-46 	599700	127624 	MULTILINESTRING ((599400 127424,600000 127424,600000 127824,599400 127824,599400 127424))
209	56A	26-46 	600300	127624 	MULTILINESTRING ((600000 127424,600600 127424,600600 127824,600000 127824,600000 127424))
	59A-B	41-46-42	609600	127624 	MULTILINESTRING ((609300 127424,609900 127424,609900 127824,609300 127824,609300 127424))
		10-47 	590700	127224 	MULTILINESTRING ((590400 127024,591000 127024,591000 127424,590400 127424,590400 127024))
	53F	11-47 	591300	127224 	MULTILINESTRING ((591000 127024,591600 127024,591600 127424,591000 127424,591000 127024))
225	55H	23-47 	598500	127224 	MULTILINESTRING ((598200 127024,598800 127024,598800 127424,598200 127424,598200 127024))
226	55I	24-47 	599100	127224 	MULTILINESTRING ((598800 127024,599400 127024,599400 127424,598800 127424,598800 127024))
227	55J	25-47 	599700	127224 	MULTILINESTRING ((599400 127024,600000 127024,600000 127424,599400 127424,599400 127024))
228	56F	26-47 	600300	127224 	MULTILINESTRING ((600000 127024,600600 127024,600600 127424,600000 127424,600000 127024))
229	56G	27-47 	600900	127224 	MULTILINESTRING ((600600 127024,601200 127024,601200 127424,600600 127424,600600 127024))
230	56H	28-47 	601500	127224 	MULTILINESTRING ((601200 127024,601800 127024,601800 127424,601200 127424,601200 127024))
		10-48 	590700	126824 	MULTILINESTRING ((590400 126624,591000 126624,591000 127024,590400 127024,590400 126624))
	53K	11-48 	591300	126824 	MULTILINESTRING ((591000 126624,591600 126624,591600 127024,591000 127024,591000 126624))
243	55L	22-48-union	597900	126824 	MULTILINESTRING ((597600 126624,598200 126624,598200 127124,597950 127124,597950 127024,597600 127024,597600 126624))
244	55M	23-48 	598500	126824 	MULTILINESTRING ((598200 126624,598800 126624,598800 127024,598200 127024,598200 126624))
245	55N	24-48 	599100	126824 	MULTILINESTRING ((598800 126624,599400 126624,599400 127024,598800 127024,598800 126624))
246	55O	25-48 	599700	126824 	MULTILINESTRING ((599400 126624,600000 126624,600000 127024,599400 127024,599400 126624))
247	56K	26-48 	600300	126824 	MULTILINESTRING ((600000 126624,600600 126624,600600 127024,600000 127024,600000 126624))
248	56L	27-48 	600900	126824 	MULTILINESTRING ((600600 126624,601200 126624,601200 127024,600600 127024,600600 126624))
249	56M	28-48 	601500	126824 	MULTILINESTRING ((601200 126624,601800 126624,601800 127024,601200 127024,601200 126624))
	57L	32-48 	603900	126824 	MULTILINESTRING ((603600 126624,604200 126624,604200 127024,603600 127024,603600 126624))
	57N-S	34-48-49	605100	126724 	MULTILINESTRING ((604800 126524,605400 126524,605400 126924,604800 126924,604800 126524))
		10-49 	590700	126424 	MULTILINESTRING ((590400 126224,591000 126224,591000 126624,590400 126624,590400 126224))
	53P	11-49 	591300	126424 	MULTILINESTRING ((591000 126224,591600 126224,591600 126624,591000 126624,591000 126224))
261	55P	21-49 	597300	126424 	MULTILINESTRING ((597000 126224,597600 126224,597600 126624,597000 126624,597000 126224))
262	55Q	22-49 	597900	126424 	MULTILINESTRING ((597600 126224,598200 126224,598200 126624,597600 126624,597600 126224))
263	55R	23-49 	598500	126424 	MULTILINESTRING ((598200 126224,598800 126224,598800 126624,598200 126624,598200 126224))
264	55S	24-49 	599100	126424 	MULTILINESTRING ((598800 126224,599400 126224,599400 126624,598800 126624,598800 126224))
265	55T	25-49 	599700	126424 	MULTILINESTRING ((599400 126224,600000 126224,600000 126624,599400 126624,599400 126224))
266	56P	26-49 	600300	126424 	MULTILINESTRING ((600000 126224,600600 126224,600600 126624,600000 126624,600000 126224))
267	56Q	27-49 	600900	126424 	MULTILINESTRING ((600600 126224,601200 126224,601200 126624,600600 126624,600600 126224))
268	56R	28-49 	601500	126424 	MULTILINESTRING ((601200 126224,601800 126224,601800 126624,601200 126624,601200 126224))
269	56S	29-49 	602100	126424 	MULTILINESTRING ((601800 126224,602400 126224,602400 126624,601800 126624,601800 126224))
272	57Q	32-49 	603900	126424 	MULTILINESTRING ((603600 126224,604200 126224,604200 126624,603600 126624,603600 126224))
273	57M-R	33-48-49-union	604500	126524 	MULTILINESTRING ((604200 126324,604800 126324,604800 126724,604200 126724,604200 126324))
274	57S-X	34-49-50 	605100	126324 	MULTILINESTRING ((604800 126124,605400 126124,605400 126524,604800 126524,604800 126124))
	57T-Y	35-49-50-union	605700	126424 	MULTILINESTRING ((605400 126074,605550 126074,605550 126124,606000 126124,606000 126524,605600 126524,605600 126584,605400 126584,605400 126074))
276	54Y	20-50 	596700	126024 	MULTILINESTRING ((596400 125824,597000 125824,597000 126224,596400 126224,596400 125824))
277	55U	21-50 	597300	126024 	MULTILINESTRING ((597000 125824,597600 125824,597600 126224,597000 126224,597000 125824))
278	55V	22-50 	597900	126024 	MULTILINESTRING ((597600 125824,598200 125824,598200 126224,597600 126224,597600 125824))
279	55W	23-50 	598500	126024 	MULTILINESTRING ((598200 125824,598800 125824,598800 126224,598200 126224,598200 125824))
280	55X	24-50 	599100	126024 	MULTILINESTRING ((598800 125824,599400 125824,599400 126224,598800 126224,598800 125824))
281	55Y	25-50	599700	126024 	MULTILINESTRING ((599400 125824,600000 125824,600000 126224,599400 126224,599400 125824))
282	56U	26-50 	600300	126024 	MULTILINESTRING ((600000 125824,600600 125824,600600 126224,600000 126224,600000 125824))
283	56V	27-50 	600900	126024 	MULTILINESTRING ((600600 125824,601200 125824,601200 126224,600600 126224,600600 125824))
284	56W	28-50 	601500	126024 	MULTILINESTRING ((601200 125824,601800 125824,601800 126224,601200 126224,601200 125824))
285	56X	29-50 	602100	126024 	MULTILINESTRING ((601800 125824,602400 125824,602400 126224,601800 126224,601800 125824))
288	57V	32-50 	603900	126024 	MULTILINESTRING ((603600 125824,604200 125824,604200 126224,603600 126224,603600 125824))
		8-51-9-52	589800	125424 	MULTILINESTRING ((589500 125224,590100 125224,590100 125624,589500 125624,589500 125224))
291	62E	20-51 	596700	125624 	MULTILINESTRING ((596400 125424,597000 125424,597000 125824,596400 125824,596400 125424))
292	63A	21-51 	597300	125624 	MULTILINESTRING ((597000 125424,597600 125424,597600 125824,597000 125824,597000 125424))
293	63B	22-51 	597900	125624 	MULTILINESTRING ((597600 125424,598200 125424,598200 125824,597600 125824,597600 125424))
294	63C	23-51 	598500	125624 	MULTILINESTRING ((598200 125424,598800 125424,598800 125824,598200 125824,598200 125424))
295	63D	24-51 	599100	125624 	MULTILINESTRING ((598800 125424,599400 125424,599400 125824,598800 125824,598800 125424))
296	63E	25-51 	599700	125624 	MULTILINESTRING ((599400 125424,600000 125424,600000 125824,599400 125824,599400 125424))
297	64A	26-51 	600300	125624 	MULTILINESTRING ((600000 125424,600600 125424,600600 125824,600000 125824,600000 125424))
298	64B	27-51 	600900	125624 	MULTILINESTRING ((600600 125424,601200 125424,601200 125824,600600 125824,600600 125424))
299	64C	28-51 	601500	125624 	MULTILINESTRING ((601200 125424,601800 125424,601800 125824,601200 125824,601200 125424))
300	64D	29-51 	602100	125624 	MULTILINESTRING ((601800 125424,602400 125424,602400 125824,601800 125824,601800 125424))
301	64E	30-51 	602700	125624 	MULTILINESTRING ((602400 125424,603000 125424,603000 125824,602400 125824,602400 125424))
304	65C-D	33-51-34	604600	125624 	MULTILINESTRING ((604300 125424,604900 125424,604900 125824,604300 125824,604300 125424))
	66A	36-51 	606300	125624 	MULTILINESTRING ((606000 125424,606600 125424,606600 125824,606000 125824,606000 125424))
		10-52 	590700	125224 	MULTILINESTRING ((590400 125024,591000 125024,591000 125424,590400 125424,590400 125024))
	61G	12-52 	591900	125224 	MULTILINESTRING ((591600 125024,592200 125024,592200 125424,591600 125424,591600 125024))
	62J	20-52 	596700	125224 	MULTILINESTRING ((596400 125024,597000 125024,597000 125424,596400 125424,596400 125024))
305	63F	21-52 	597300	125224 	MULTILINESTRING ((597000 125024,597600 125024,597600 125424,597000 125424,597000 125024))
306	63G	22-52 	597900	125224 	MULTILINESTRING ((597600 125024,598200 125024,598200 125424,597600 125424,597600 125024))
307	63H	23-52 	598500	125224 	MULTILINESTRING ((598200 125024,598800 125024,598800 125424,598200 125424,598200 125024))
308	63I	24-52 	599100	125224 	MULTILINESTRING ((598800 125024,599400 125024,599400 125424,598800 125424,598800 125024))
309	63J	25-52 	599700	125224 	MULTILINESTRING ((599400 125024,600000 125024,600000 125424,599400 125424,599400 125024))
310	64F	26-52 	600300	125224 	MULTILINESTRING ((600000 125024,600600 125024,600600 125424,600000 125424,600000 125024))
311	64G	27-52 	600900	125224 	MULTILINESTRING ((600600 125024,601200 125024,601200 125424,600600 125424,600600 125024))
312	64H	28-52 	601500	125224 	MULTILINESTRING ((601200 125024,601800 125024,601800 125424,601200 125424,601200 125024))
313	64I	29-52 	602100	125224 	MULTILINESTRING ((601800 125024,602400 125024,602400 125424,601800 125424,601800 125024))
314	64J	30-52 	602700	125224 	MULTILINESTRING ((602400 125024,603000 125024,603000 125424,602400 125424,602400 125024))
	65I	34-52-union	605100	125224 	MULTILINESTRING ((604600 125024,605400 125024,605400 125424,604800 125424,604800 125074,604600 125074,604600 125024))
	66F	36-52 	606300	125224 	MULTILINESTRING ((606000 125024,606600 125024,606600 125424,606000 125424,606000 125024))
		9-53 	590100	124824 	MULTILINESTRING ((589800 124624,590400 124624,590400 125024,589800 125024,589800 124624))
		10-53 	590700	124824 	MULTILINESTRING ((590400 124624,591000 124624,591000 125024,590400 125024,590400 124624))
	61K	11-53 	591300	124824 	MULTILINESTRING ((591000 124624,591600 124624,591600 125024,591000 125024,591000 124624))
	61L	12-53 	591900	124824 	MULTILINESTRING ((591600 124624,592200 124624,592200 125024,591600 125024,591600 124624))
	62O	20-53 	596700	124824 	MULTILINESTRING ((596400 124624,597000 124624,597000 125024,596400 125024,596400 124624))
	63K	21-53 	597300	124824 	MULTILINESTRING ((597000 124624,597600 124624,597600 125024,597000 125024,597000 124624))
315	63L	22-53 	597900	124824 	MULTILINESTRING ((597600 124624,598200 124624,598200 125024,597600 125024,597600 124624))
316	63M	23-53 	598500	124824 	MULTILINESTRING ((598200 124624,598800 124624,598800 125024,598200 125024,598200 124624))
317	63N	24-53 	599100	124824 	MULTILINESTRING ((598800 124624,599400 124624,599400 125024,598800 125024,598800 124624))
318	63O	25-53 	599700	124824 	MULTILINESTRING ((599400 124624,600000 124624,600000 125024,599400 125024,599400 124624))
319	64K	26-53 	600300	124824 	MULTILINESTRING ((600000 124624,600600 124624,600600 125024,600000 125024,600000 124624))
320	64L	27-53 	600900	124824 	MULTILINESTRING ((600600 124624,601200 124624,601200 125024,600600 125024,600600 124624))
321	64M	28-53 	601500	124824 	MULTILINESTRING ((601200 124624,601800 124624,601800 125024,601200 125024,601200 124624))
322	64N	29-53 	602100	124824 	MULTILINESTRING ((601800 124624,602400 124624,602400 125024,601800 125024,601800 124624))
323	64O	30-53 	602700	124824 	MULTILINESTRING ((602400 124624,603000 124624,603000 125024,602400 125024,602400 124624))
	65N	34-53-union	605100	124824 	MULTILINESTRING ((604800 124624,605400 124624,605400 125024,604600 125024,604600 124924,604800 124924,604800 124624))
	65O	35-53 	605700	124824 	MULTILINESTRING ((605400 124624,606000 124624,606000 125024,605400 125024,605400 124624))
	66K	36-53 	606300	124824 	MULTILINESTRING ((606000 124624,606600 124624,606600 125024,606000 125024,606000 124624))
		8-54 	589500	124424 	MULTILINESTRING ((589200 124224,589800 124224,589800 124624,589200 124624,589200 124224))
		9-54 	590100	124424 	MULTILINESTRING ((589800 124224,590400 124224,590400 124624,589800 124624,589800 124224))
		10-54 	590700	124424 	MULTILINESTRING ((590400 124224,591000 124224,591000 124624,590400 124624,590400 124224))
	61Q-V	12-54-55	591900	124224 	MULTILINESTRING ((591600 124024,592200 124024,592200 124424,591600 124424,591600 124024))
	61R	13-54 	592500	124424 	MULTILINESTRING ((592200 124224,592800 124224,592800 124624,592200 124624,592200 124224))
	61S	14-54 	593100	124424 	MULTILINESTRING ((592800 124224,593400 124224,593400 124624,592800 124624,592800 124224))
	62P	16-54 	594300	124424 	MULTILINESTRING ((594000 124224,594600 124224,594600 124624,594000 124624,594000 124224))
	62R	18-54 	595500	124424 	MULTILINESTRING ((595200 124224,595800 124224,595800 124624,595200 124624,595200 124224))
	62S	19-54 	596100	124424 	MULTILINESTRING ((595800 124224,596400 124224,596400 124624,595800 124624,595800 124224))
	62T	20-54 	596700	124424 	MULTILINESTRING ((596400 124224,597000 124224,597000 124624,596400 124624,596400 124224))
	63P	21-54 	597300	124424 	MULTILINESTRING ((597000 124224,597600 124224,597600 124624,597000 124624,597000 124224))
	63Q	22-54 	597900	124424 	MULTILINESTRING ((597600 124224,598200 124224,598200 124624,597600 124624,597600 124224))
	63R	23-54 	598500	124424 	MULTILINESTRING ((598200 124224,598800 124224,598800 124624,598200 124624,598200 124224))
324	63S	24-54 	599100	124424 	MULTILINESTRING ((598800 124224,599400 124224,599400 124624,598800 124624,598800 124224))
325	63T	25-54 	599700	124424 	MULTILINESTRING ((599400 124224,600000 124224,600000 124624,599400 124624,599400 124224))
326	64P	26-54 	600300	124424 	MULTILINESTRING ((600000 124224,600600 124224,600600 124624,600000 124624,600000 124224))
327	64Q	27-54 	600900	124424 	MULTILINESTRING ((600600 124224,601200 124224,601200 124624,600600 124624,600600 124224))
328	64R	28-54 	601500	124424 	MULTILINESTRING ((601200 124224,601800 124224,601800 124624,601200 124624,601200 124224))
329	64S	29-54 	602100	124424 	MULTILINESTRING ((601800 124224,602400 124224,602400 124624,601800 124624,601800 124224))
330	64T	30-54 	602700	124424 	MULTILINESTRING ((602400 124224,603000 124224,603000 124624,602400 124624,602400 124224))
	65S	34-54 	605100	124424 	MULTILINESTRING ((604800 124224,605400 124224,605400 124624,604800 124624,604800 124224))
	65T	35-54 	605700	124424 	MULTILINESTRING ((605400 124224,606000 124224,606000 124624,605400 124624,605400 124224))
	66P	36-54 	606300	124424 	MULTILINESTRING ((606000 124224,606600 124224,606600 124624,606000 124624,606000 124224))
	66Q	37-54 	606900	124424 	MULTILINESTRING ((606600 124224,607200 124224,607200 124624,606600 124624,606600 124224))
	67P	41-54 	609300	124424 	MULTILINESTRING ((609000 124224,609600 124224,609600 124624,609000 124624,609000 124224))
	67T	45-54 	611700	124424 	MULTILINESTRING ((611400 124224,612000 124224,612000 124624,611400 124624,611400 124224))
		8-55 	589500	124024 	MULTILINESTRING ((589200 123824,589800 123824,589800 124224,589200 124224,589200 123824))
	61W	13-55 	592500	124024 	MULTILINESTRING ((592200 123824,592800 123824,592800 124224,592200 124224,592200 123824))
	61X	14-55 	593100	124024 	MULTILINESTRING ((592800 123824,593400 123824,593400 124224,592800 124224,592800 123824))
	61Y	15-55 	593700	124024 	MULTILINESTRING ((593400 123824,594000 123824,594000 124224,593400 124224,593400 123824))
	62U	16-55 	594300	124024 	MULTILINESTRING ((594000 123824,594600 123824,594600 124224,594000 124224,594000 123824))
	62V	17-55 	594900	124024 	MULTILINESTRING ((594600 123824,595200 123824,595200 124224,594600 124224,594600 123824))
	62X	19-55 	596100	124024 	MULTILINESTRING ((595800 123824,596400 123824,596400 124224,595800 124224,595800 123824))
	62Y	20-55 	596700	124024 	MULTILINESTRING ((596400 123824,597000 123824,597000 124224,596400 124224,596400 123824))
	63U	21-55 	597300	124024 	MULTILINESTRING ((597000 123824,597600 123824,597600 124224,597000 124224,597000 123824))
	63V	22-55 	597900	124024 	MULTILINESTRING ((597600 123824,598200 123824,598200 124224,597600 124224,597600 123824))
	63W	23-55 	598500	124024 	MULTILINESTRING ((598200 123824,598800 123824,598800 124224,598200 124224,598200 123824))
	63X	24-55 	599100	124024 	MULTILINESTRING ((598800 123824,599400 123824,599400 124224,598800 124224,598800 123824))
331	63Y	25-55 	599700	124024 	MULTILINESTRING ((599400 123824,600000 123824,600000 124224,599400 124224,599400 123824))
332	64U	26-55 	600300	124024 	MULTILINESTRING ((600000 123824,600600 123824,600600 124224,600000 124224,600000 123824))
	64V	27-55 	600900	124024 	MULTILINESTRING ((600600 123824,601200 123824,601200 124224,600600 124224,600600 123824))
334	64W	28-55 	601500	124024 	MULTILINESTRING ((601200 123824,601800 123824,601800 124224,601200 124224,601200 123824))
335	64X	29-55 	602100	124024 	MULTILINESTRING ((601800 123824,602400 123824,602400 124224,601800 124224,601800 123824))
	64Y	30-55 	602700	124024 	MULTILINESTRING ((602400 123824,603000 123824,603000 124224,602400 124224,602400 123824))
	66Y	40-55 	608700	124024 	MULTILINESTRING ((608400 123824,609000 123824,609000 124224,608400 124224,608400 123824))
	67U	41-55 	609300	124024 	MULTILINESTRING ((609000 123824,609600 123824,609600 124224,609000 124224,609000 123824))
	67V	42-55 	609900	124024 	MULTILINESTRING ((609600 123824,610200 123824,610200 124224,609600 124224,609600 123824))
		8-56 	589500	123624 	MULTILINESTRING ((589200 123424,589800 123424,589800 123824,589200 123824,589200 123424))
	70C	13-56 	592500	123624 	MULTILINESTRING ((592200 123424,592800 123424,592800 123824,592200 123824,592200 123424))
	70D	14-56 	593100	123624 	MULTILINESTRING ((592800 123424,593400 123424,593400 123824,592800 123824,592800 123424))
	70E	15-56 	593700	123624 	MULTILINESTRING ((593400 123424,594000 123424,594000 123824,593400 123824,593400 123424))
	71A	16-56 	594300	123624 	MULTILINESTRING ((594000 123424,594600 123424,594600 123824,594000 123824,594000 123424))
	71B	17-56 	594900	123624 	MULTILINESTRING ((594600 123424,595200 123424,595200 123824,594600 123824,594600 123424))
	71C	18-56 	595500	123624 	MULTILINESTRING ((595200 123424,595800 123424,595800 123824,595200 123824,595200 123424))
	71D	19-56 	596100	123624 	MULTILINESTRING ((595800 123424,596400 123424,596400 123824,595800 123824,595800 123424))
	71E	20-56 	596700	123624 	MULTILINESTRING ((596400 123424,597000 123424,597000 123824,596400 123824,596400 123424))
	72A	21-56 	597300	123624 	MULTILINESTRING ((597000 123424,597600 123424,597600 123824,597000 123824,597000 123424))
	72B	22-56 	597900	123624 	MULTILINESTRING ((597600 123424,598200 123424,598200 123824,597600 123824,597600 123424))
	72C	23-56 	598500	123624 	MULTILINESTRING ((598200 123424,598800 123424,598800 123824,598200 123824,598200 123424))
	72D	24-56 	599100	123624 	MULTILINESTRING ((598800 123424,599400 123424,599400 123824,598800 123824,598800 123424))
	72E	25-56 	599700	123624 	MULTILINESTRING ((599400 123424,600000 123424,600000 123824,599400 123824,599400 123424))
	73A	26-56 	600300	123624 	MULTILINESTRING ((600000 123424,600600 123424,600600 123824,600000 123824,600000 123424))
	73C	28-56-union	601500	123624 	MULTILINESTRING ((601200 123424,601800 123424,601800 123824,601200 123824,601200 123724,601100 123724,601100 123424))
	73D	29-56 	602100	123624 	MULTILINESTRING ((601800 123424,602400 123424,602400 123824,601800 123824,601800 123424))
	73E	30-56 	602700	123624 	MULTILINESTRING ((602400 123424,603000 123424,603000 123824,602400 123824,602400 123424))
	74A	31-56 	603300	123624 	MULTILINESTRING ((603000 123424,603600 123424,603600 123824,603000 123824,603000 123424))
	76A	41-56 	609300	123624 	MULTILINESTRING ((609000 123424,609600 123424,609600 123824,609000 123824,609000 123424))
	76B	42-56 	609900	123624 	MULTILINESTRING ((609600 123424,610200 123424,610200 123824,609600 123824,609600 123424))
	76C	43-56 	610500	123624 	MULTILINESTRING ((610200 123424,610800 123424,610800 123824,610200 123824,610200 123424))
		8-57 	589500	123224 	MULTILINESTRING ((589200 123024,589800 123024,589800 123424,589200 123424,589200 123024))
	70I	14-57 	593100	123224 	MULTILINESTRING ((592800 123024,593400 123024,593400 123424,592800 123424,592800 123024))
	70J	15-57 	593700	123224 	MULTILINESTRING ((593400 123024,594000 123024,594000 123424,593400 123424,593400 123024))
	71F	16-57 	594300	123224 	MULTILINESTRING ((594000 123024,594600 123024,594600 123424,594000 123424,594000 123024))
	71G	17-57 	594900	123224 	MULTILINESTRING ((594600 123024,595200 123024,595200 123424,594600 123424,594600 123024))
	71H	18-57 	595500	123224 	MULTILINESTRING ((595200 123024,595800 123024,595800 123424,595200 123424,595200 123024))
	71I	19-57 	596100	123224 	MULTILINESTRING ((595800 123024,596400 123024,596400 123424,595800 123424,595800 123024))
	71J	20-57 	596700	123224 	MULTILINESTRING ((596400 123024,597000 123024,597000 123424,596400 123424,596400 123024))
	72F	21-57 	597300	123224 	MULTILINESTRING ((597000 123024,597600 123024,597600 123424,597000 123424,597000 123024))
	72G	22-57 	597900	123224 	MULTILINESTRING ((597600 123024,598200 123024,598200 123424,597600 123424,597600 123024))
	72H	23-57 	598500	123224 	MULTILINESTRING ((598200 123024,598800 123024,598800 123424,598200 123424,598200 123024))
	72I	24-57 	599100	123224 	MULTILINESTRING ((598800 123024,599400 123024,599400 123424,598800 123424,598800 123024))
	72J	25-57 	599700	123224 	MULTILINESTRING ((599400 123024,600000 123024,600000 123424,599400 123424,599400 123024))
	73F	26-57 	600300	123224 	MULTILINESTRING ((600000 123024,600600 123024,600600 123424,600000 123424,600000 123024))
	73G	27-57 	600900	123224 	MULTILINESTRING ((600600 123024,601200 123024,601200 123424,600600 123424,600600 123024))
	73H	28-57 	601500	123224 	MULTILINESTRING ((601200 123024,601800 123024,601800 123424,601200 123424,601200 123024))
	73I	29-57 	602100	123224 	MULTILINESTRING ((601800 123024,602400 123024,602400 123424,601800 123424,601800 123024))
	73J	30-57 	602700	123224 	MULTILINESTRING ((602400 123024,603000 123024,603000 123424,602400 123424,602400 123024))
	74F	31-57 	603300	123224 	MULTILINESTRING ((603000 123024,603600 123024,603600 123424,603000 123424,603000 123024))
	76G	42-57 	609900	123224 	MULTILINESTRING ((609600 123024,610200 123024,610200 123424,609600 123424,609600 123024))
	76H	43-57 	610500	123224 	MULTILINESTRING ((610200 123024,610800 123024,610800 123424,610200 123424,610200 123024))
	76I	44-57 	611100	123224 	MULTILINESTRING ((610800 123024,611400 123024,611400 123424,610800 123424,610800 123024))
	76J	45-57 	611700	123224 	MULTILINESTRING ((611400 123024,612000 123024,612000 123424,611400 123424,611400 123024))
	77F	46-57 	612400	123224 	MULTILINESTRING ((612100 123024,612700 123024,612700 123424,612100 123424,612100 123024))
		7-58 	588900	122824 	MULTILINESTRING ((588600 122624,589200 122624,589200 123024,588600 123024,588600 122624))
		8-58 	589500	122824 	MULTILINESTRING ((589200 122624,589800 122624,589800 123024,589200 123024,589200 122624))
	70N	14-58 	593100	122824 	MULTILINESTRING ((592800 122624,593400 122624,593400 123024,592800 123024,592800 122624))
	70O	15-58 	593700	122824 	MULTILINESTRING ((593400 122624,594000 122624,594000 123024,593400 123024,593400 122624))
	71K	16-58 	594300	122824 	MULTILINESTRING ((594000 122624,594600 122624,594600 123024,594000 123024,594000 122624))
	71L	17-58 	594900	122824 	MULTILINESTRING ((594600 122624,595200 122624,595200 123024,594600 123024,594600 122624))
	71M	18-58 	595500	122824 	MULTILINESTRING ((595200 122624,595800 122624,595800 123024,595200 123024,595200 122624))
	71N	19-58 	596100	122824 	MULTILINESTRING ((595800 122624,596400 122624,596400 123024,595800 123024,595800 122624))
	71O	20-58 	596700	122824 	MULTILINESTRING ((596400 122624,597000 122624,597000 123024,596400 123024,596400 122624))
	72K	21-58 	597300	122824 	MULTILINESTRING ((597000 122624,597600 122624,597600 123024,597000 123024,597000 122624))
	72L	22-58 	597900	122824 	MULTILINESTRING ((597600 122624,598200 122624,598200 123024,597600 123024,597600 122624))
	72M	23-58 	598500	122824 	MULTILINESTRING ((598200 122624,598800 122624,598800 123024,598200 123024,598200 122624))
	72N	24-58 	599100	122824 	MULTILINESTRING ((598800 122624,599400 122624,599400 123024,598800 123024,598800 122624))
	72O	25-58 	599700	122824 	MULTILINESTRING ((599400 122624,600000 122624,600000 123024,599400 123024,599400 122624))
	73K	26-58 	600300	122824 	MULTILINESTRING ((600000 122624,600600 122624,600600 123024,600000 123024,600000 122624))
	73L	27-58 	600900	122824 	MULTILINESTRING ((600600 122624,601200 122624,601200 123024,600600 123024,600600 122624))
	73M	28-58 	601500	122824 	MULTILINESTRING ((601200 122624,601800 122624,601800 123024,601200 123024,601200 122624))
	73N	29-58 	602100	122824 	MULTILINESTRING ((601800 122624,602400 122624,602400 123024,601800 123024,601800 122624))
	73O	30-58 	602700	122824 	MULTILINESTRING ((602400 122624,603000 122624,603000 123024,602400 123024,602400 122624))
	74K	31-58 	603300	122824 	MULTILINESTRING ((603000 122624,603600 122624,603600 123024,603000 123024,603000 122624))
	74L	32-58 	603900	122824 	MULTILINESTRING ((603600 122624,604200 122624,604200 123024,603600 123024,603600 122624))
	75L-Q	37-58-59	606900	122624 	MULTILINESTRING ((606600 122424,607200 122424,607200 122824,606600 122824,606600 122424))
	75M-N	38-58-59	607800	122824 	MULTILINESTRING ((607500 122624,608100 122624,608100 123024,607500 123024,607500 122624))
	75O	40-58 	608700	122824 	MULTILINESTRING ((608400 122624,609000 122624,609000 123024,608400 123024,608400 122624))
	76O-T	45-58-59	611700	122624 	MULTILINESTRING ((611400 122424,612000 122424,612000 122824,611400 122824,611400 122424))
	77K	46-58 	612400	122824 	MULTILINESTRING ((612100 122624,612700 122624,612700 123024,612100 123024,612100 122624))
		8-59 	589500	122424 	MULTILINESTRING ((589200 122224,589800 122224,589800 122624,589200 122624,589200 122224))
	70T-71P	15-59-16	594100	122424 	MULTILINESTRING ((593800 122224,594400 122224,594400 122624,593800 122624,593800 122224))
	71R	18-59 	595500	122424 	MULTILINESTRING ((595200 122224,595800 122224,595800 122624,595200 122624,595200 122224))
	71S	19-59 	596100	122424 	MULTILINESTRING ((595800 122224,596400 122224,596400 122624,595800 122624,595800 122224))
	71T	20-59 	596700	122424 	MULTILINESTRING ((596400 122224,597000 122224,597000 122624,596400 122624,596400 122224))
	72P	21-59 	597300	122424 	MULTILINESTRING ((597000 122224,597600 122224,597600 122624,597000 122624,597000 122224))
	72Q	22-59 	597900	122424 	MULTILINESTRING ((597600 122224,598200 122224,598200 122624,597600 122624,597600 122224))
	72R	23-59 	598500	122424 	MULTILINESTRING ((598200 122224,598800 122224,598800 122624,598200 122624,598200 122224))
	72S	24-59 	599100	122424 	MULTILINESTRING ((598800 122224,599400 122224,599400 122624,598800 122624,598800 122224))
	72T	25-59 	599700	122424 	MULTILINESTRING ((599400 122224,600000 122224,600000 122624,599400 122624,599400 122224))
	73P	26-59 	600300	122424 	MULTILINESTRING ((600000 122224,600600 122224,600600 122624,600000 122624,600000 122224))
	73Q	27-59 	600900	122424 	MULTILINESTRING ((600600 122224,601200 122224,601200 122624,600600 122624,600600 122224))
	73R	28-59 	601500	122424 	MULTILINESTRING ((601200 122224,601800 122224,601800 122624,601200 122624,601200 122224))
	73T	30-59 	602700	122424 	MULTILINESTRING ((602400 122224,603000 122224,603000 122624,602400 122624,602400 122224))
	74P	31-59 	603300	122424 	MULTILINESTRING ((603000 122224,603600 122224,603600 122624,603000 122624,603000 122224))
	74Q	32-59 	603900	122424 	MULTILINESTRING ((603600 122224,604200 122224,604200 122624,603600 122624,603600 122224))
	74R	33-59 	604500	122424 	MULTILINESTRING ((604200 122224,604800 122224,604800 122624,604200 122624,604200 122224))
	75R	38-59 	607500	122424 	MULTILINESTRING ((607200 122224,607800 122224,607800 122624,607200 122624,607200 122224))
	75S	39-59 	608100	122424 	MULTILINESTRING ((607800 122224,608400 122224,608400 122624,607800 122624,607800 122224))
	75T	40-59 	608700	122424 	MULTILINESTRING ((608400 122224,609000 122224,609000 122624,608400 122624,608400 122224))
	76P	41-59 	609300	122424 	MULTILINESTRING ((609000 122224,609600 122224,609600 122624,609000 122624,609000 122224))
	77P	46-59 	612400	122424 	MULTILINESTRING ((612100 122224,612700 122224,612700 122624,612100 122624,612100 122224))
	71V	17-60-union	594900	122024 	MULTILINESTRING ((594600 121824,595000 121824,595000 121624,595200 121624,595200 122324,595000 122324,595000 122224,594600 122224,594600 121824))
	71W	18-60 	595500	122024 	MULTILINESTRING ((595200 121824,595800 121824,595800 122224,595200 122224,595200 121824))
	71X	19-60 	596100	122024 	MULTILINESTRING ((595800 121824,596400 121824,596400 122224,595800 122224,595800 121824))
	71Y	20-60 	596700	122024 	MULTILINESTRING ((596400 121824,597000 121824,597000 122224,596400 122224,596400 121824))
	72U	21-60 	597300	122024 	MULTILINESTRING ((597000 121824,597600 121824,597600 122224,597000 122224,597000 121824))
	72V	22-60 	597900	122024 	MULTILINESTRING ((597600 121824,598200 121824,598200 122224,597600 122224,597600 121824))
	72W	23-60 	598500	122024 	MULTILINESTRING ((598200 121824,598800 121824,598800 122224,598200 122224,598200 121824))
	72X	24-60 	599100	122024 	MULTILINESTRING ((598800 121824,599400 121824,599400 122224,598800 122224,598800 121824))
	72Y	25-60 	599700	122024 	MULTILINESTRING ((599400 121824,600000 121824,600000 122224,599400 122224,599400 121824))
	73U	26-60 	600300	122024 	MULTILINESTRING ((600000 121824,600600 121824,600600 122224,600000 122224,600000 121824))
	73V	27-60 	600900	122024 	MULTILINESTRING ((600600 121824,601200 121824,601200 122224,600600 122224,600600 121824))
	73W	28-60 	601500	122024 	MULTILINESTRING ((601200 121824,601800 121824,601800 122224,601200 122224,601200 121824))
	73X	29-60 	602100	122024 	MULTILINESTRING ((601800 121824,602400 121824,602400 122224,601800 122224,601800 121824))
	73Y	30-60 	602700	122024 	MULTILINESTRING ((602400 121824,603000 121824,603000 122224,602400 122224,602400 121824))
	74U	31-60 	603300	122024 	MULTILINESTRING ((603000 121824,603600 121824,603600 122224,603000 122224,603000 121824))
	74V	32-60 	603900	122024 	MULTILINESTRING ((603600 121824,604200 121824,604200 122224,603600 122224,603600 121824))
	75W	38-60 	607500	122024 	MULTILINESTRING ((607200 121824,607800 121824,607800 122224,607200 122224,607200 121824))
	75X	39-60 	608100	122024 	MULTILINESTRING ((607800 121824,608400 121824,608400 122224,607800 122224,607800 121824))
	76U	41-60 	609300	122024 	MULTILINESTRING ((609000 121824,609600 121824,609600 122224,609000 122224,609000 121824))
	76V-W	42-60-43	610200	122024 	MULTILINESTRING ((609900 121824,610500 121824,610500 122224,609900 122224,609900 121824))
	80C	18-61 	595500	121624 	MULTILINESTRING ((595200 121424,595800 121424,595800 121824,595200 121824,595200 121424))
	80D	19-61 	596100	121624 	MULTILINESTRING ((595800 121424,596400 121424,596400 121824,595800 121824,595800 121424))
	80E	20-61 	596700	121624 	MULTILINESTRING ((596400 121424,597000 121424,597000 121824,596400 121824,596400 121424))
	81A	21-61 	597300	121624 	MULTILINESTRING ((597000 121424,597600 121424,597600 121824,597000 121824,597000 121424))
	81B	22-61 	597900	121624 	MULTILINESTRING ((597600 121424,598200 121424,598200 121824,597600 121824,597600 121424))
	81C	23-61 	598500	121624 	MULTILINESTRING ((598200 121424,598800 121424,598800 121824,598200 121824,598200 121424))
	81D	24-61 	599100	121624 	MULTILINESTRING ((598800 121424,599400 121424,599400 121824,598800 121824,598800 121424))
	81E	25-61 	599700	121624 	MULTILINESTRING ((599400 121424,600000 121424,600000 121824,599400 121824,599400 121424))
	82A	26-61 	600300	121624 	MULTILINESTRING ((600000 121424,600600 121424,600600 121824,600000 121824,600000 121424))
	82B	27-61 	600900	121624 	MULTILINESTRING ((600600 121424,601200 121424,601200 121824,600600 121824,600600 121424))
	82J	20-62 	596700	121224 	MULTILINESTRING ((596400 121024,597000 121024,597000 121424,596400 121424,596400 121024))
	81F	21-62 	597300	121224 	MULTILINESTRING ((597000 121024,597600 121024,597600 121424,597000 121424,597000 121024))
	81G	22-62 	597900	121224 	MULTILINESTRING ((597600 121024,598200 121024,598200 121424,597600 121424,597600 121024))
	81H	23-62 	598500	121224 	MULTILINESTRING ((598200 121024,598800 121024,598800 121424,598200 121424,598200 121024))
	82K	21-63 	597300	120824 	MULTILINESTRING ((597000 120624,597600 120624,597600 121024,597000 121024,597000 120624))
	82L	22-63-union	597900	120824 	MULTILINESTRING ((597600 120624,598200 120624,598200 120924,598400 120924,598400 121024,597600 121024,597600 120624))
	83P	31-64 	603300	120424 	MULTILINESTRING ((603000 120224,603600 120224,603600 120624,603000 120624,603000 120224))
	83Q	32-64 	603900	120424 	MULTILINESTRING ((603600 120224,604200 120224,604200 120624,603600 120624,603600 120224))
	83U	31-65 	603300	120024 	MULTILINESTRING ((603000 119824,603600 119824,603600 120224,603000 120224,603000 119824))
	83V	32-65 	603900	120024 	MULTILINESTRING ((603600 119824,604200 119824,604200 120224,603600 120224,603600 119824))
	91A	31-66 	603300	119624 	MULTILINESTRING ((603000 119424,603600 119424,603600 119824,603000 119824,603000 119424))
	91B	32-66 	603900	119624 	MULTILINESTRING ((603600 119424,604200 119424,604200 119824,603600 119824,603600 119424))
	91C	33-66 	604500	119624 	MULTILINESTRING ((604200 119424,604800 119424,604800 119824,604200 119824,604200 119424))
	89J	25-67-union	599700	119224 	MULTILINESTRING ((599400 119024,600000 119024,600000 119424,599350 119424,599350 119324,599400 119324,599400 119024))
	91G	32-67 	603900	119224 	MULTILINESTRING ((603600 119024,604200 119024,604200 119424,603600 119424,603600 119024))
	91H	33-67 	604500	119224 	MULTILINESTRING ((604200 119024,604800 119024,604800 119424,604200 119424,604200 119024))
	93G	42-67 	609900	119224 	MULTILINESTRING ((609600 119024,610200 119024,610200 119424,609600 119424,609600 119024))
	95D	19-71 	596100	117624 	MULTILINESTRING ((595800 117424,596400 117424,596400 117824,595800 117824,595800 117424))
	95E	20-71 	596700	117624 	MULTILINESTRING ((596400 117424,597000 117424,597000 117824,596400 117824,596400 117424))
	96A	21-71 	597300	117624 	MULTILINESTRING ((597000 117424,597600 117424,597600 117824,597000 117824,597000 117424))
	95I	19-72 	596100	117224 	MULTILINESTRING ((595800 117024,596400 117024,596400 117424,595800 117424,595800 117024))
	95J	20-72 	596700	117224 	MULTILINESTRING ((596400 117024,597000 117024,597000 117424,596400 117424,596400 117024))
	96F	21-72 	597300	117224 	MULTILINESTRING ((597000 117024,597600 117024,597600 117424,597000 117424,597000 117024))
	96W	23-75 	598500	116024 	MULTILINESTRING ((598200 115824,598800 115824,598800 116224,598200 116224,598200 115824))
		0-91 	584700	109624 	MULTILINESTRING ((584400 109424,585000 109424,585000 109824,584400 109824,584400 109424))
		61-91 	621300	109624 	MULTILINESTRING ((621000 109424,621600 109424,621600 109824,621000 109824,621000 109424))
